<?xml version="1.0" encoding="UTF-8"?>
<!DOCTYPE generatorConfiguration
        PUBLIC "-//mybatis.org//DTD MyBatis Generator Configuration 1.0//EN"
        "http://mybatis.org/dtd/mybatis-generator-config_1_0.dtd">

<generatorConfiguration>
    <properties resource="generator.properties"/>
    <context id="MySqlContext" targetRuntime="MyBatis3" defaultModelType="flat">
        <property name="beginningDelimiter" value="`"/>
        <property name="endingDelimiter" value="`"/>
        <property name="javaFileEncoding" value="UTF-8"/>
        <!-- 为模型生成序列化方法-->
        <plugin type="org.mybatis.generator.plugins.SerializablePlugin"/>
        <!-- 为生成的Java模型创建一个toString方法 -->
        <plugin type="org.mybatis.generator.plugins.ToStringPlugin"/>
        <!--可以自定义生成model的代码注释，如果要自己定制注释的话请把这段代码保留，并自定义commentGenerator类-->
<!--        <commentGenerator type="com.qinfenfeng.roadmeets.mbg.CommentGenerator">-->
<!--            &lt;!&ndash; 是否去除自动生成的注释 true：是 ： false:否 &ndash;&gt;-->
<!--            <property name="suppressAllComments" value="true"/>-->
<!--            <property name="suppressDate" value="true"/>-->
<!--            <property name="addRemarkComments" value="true"/>-->
<!--        </commentGenerator>-->
        <!--配置数据库连接-->
        <jdbcConnection driverClass="${jdbc.driverClass}"
                        connectionURL="${jdbc.connectionURL}"
                        userId="${jdbc.userId}"
                        password="${jdbc.password}">
            <!--解决mysql驱动升级到8.0后不生成指定数据库代码的问题-->
            <property name="nullCatalogMeansCurrent" value="true" />
        </jdbcConnection>
        <!--指定生成model的路径-->
        <javaModelGenerator targetPackage="com.geek.guiyu.domain.model" targetProject="src/main/java"/>
        <!--指定生成mapper.xml的路径-->
        <sqlMapGenerator targetPackage="mapper" targetProject="src/main/resources"/>
        <!--指定生成mapper接口的的路径-->
        <javaClientGenerator type="XMLMAPPER" targetPackage="com.geek.guiyu.infrastructure.dao"
                             targetProject="src/main/java"/>
        <!--生成全部表tableName设为%-->
        <table tableName="community">
            <generatedKey column="id" sqlStatement="MySql" identity="true"/>
        </table>
    </context>
</generatorConfiguration>
