<?xml version="1.0" encoding="UTF-8"?>
<!DOCTYPE mapper PUBLIC "-//mybatis.org//DTD Mapper 3.0//EN" "http://mybatis.org/dtd/mybatis-3-mapper.dtd">
<mapper namespace="com.geek.guiyu.infrastructure.dao.CommentsDao">

    <resultMap type="com.geek.guiyu.domain.model.Comments" id="CommentsMap">
        <result property="coid" column="coid" jdbcType="INTEGER"/>
        <result property="cid" column="cid" jdbcType="INTEGER"/>
        <result property="createTime" column="create_time" jdbcType="TIMESTAMP"/>
        <result property="deleted" column="deleted" jdbcType="TINYINT"/>
        <result property="author" column="author" jdbcType="VARCHAR"/>
        <result property="authorid" column="authorid" jdbcType="INTEGER"/>
        <result property="ownerid" column="ownerid" jdbcType="INTEGER"/>
        <result property="email" column="email" jdbcType="VARCHAR"/>
        <result property="ip" column="ip" jdbcType="VARCHAR"/>
        <result property="agent" column="agent" jdbcType="VARCHAR"/>
        <result property="text" column="text" jdbcType="VARCHAR"/>
        <result property="status" column="status" jdbcType="TINYINT"/>
        <result property="parent" column="parent" jdbcType="INTEGER"/>
    </resultMap>

    <!--查询单个-->
    <select id="queryById" resultMap="CommentsMap">
        select
          coid, cid, create_time, deleted, author, authorid, ownerid, email, ip, agent, text, status, parent
        from guiyu.comments
        where coid = #{coid}
    </select>

    <!--查询指定行数据-->
    <select id="queryAllByLimit" resultMap="CommentsMap">
        select
          coid, cid, create_time, deleted, author, authorid, ownerid, email, ip, agent, text, status, parent
        from guiyu.comments
        limit #{offset}, #{limit}
    </select>

    <!--通过实体作为筛选条件查询-->
    <select id="queryAll" resultMap="CommentsMap">
        select
          coid, cid, create_time, deleted, author, authorid, ownerid, email, ip, agent, text, status, parent
        from guiyu.comments
        <where>
            <if test="coid != null">
                and coid = #{coid}
            </if>
            <if test="cid != null">
                and cid = #{cid}
            </if>
            <if test="createTime != null">
                and create_time = #{createTime}
            </if>
            <if test="deleted != null">
                and deleted = #{deleted}
            </if>
            <if test="author != null and author != ''">
                and author = #{author}
            </if>
            <if test="authorid != null">
                and authorid = #{authorid}
            </if>
            <if test="ownerid != null">
                and ownerid = #{ownerid}
            </if>
            <if test="email != null and email != ''">
                and email = #{email}
            </if>
            <if test="ip != null and ip != ''">
                and ip = #{ip}
            </if>
            <if test="agent != null and agent != ''">
                and agent = #{agent}
            </if>
            <if test="text != null and text != ''">
                and text = #{text}
            </if>
            <if test="status != null">
                and status = #{status}
            </if>
            <if test="parent != null">
                and parent = #{parent}
            </if>
        </where>
    </select>

    <!--新增所有列-->
    <insert id="insert" keyProperty="coid" useGeneratedKeys="true">
        insert into guiyu.comments(cid, create_time, deleted, author, authorid, ownerid, email, ip, agent, text, status, parent)
        values (#{cid}, #{createTime}, #{deleted}, #{author}, #{authorid}, #{ownerid}, #{email}, #{ip}, #{agent}, #{text}, #{status}, #{parent})
    </insert>

    <!--通过主键修改数据-->
    <update id="update">
        update guiyu.comments
        <set>
            <if test="cid != null">
                cid = #{cid},
            </if>
            <if test="createTime != null">
                create_time = #{createTime},
            </if>
            <if test="deleted != null">
                deleted = #{deleted},
            </if>
            <if test="author != null and author != ''">
                author = #{author},
            </if>
            <if test="authorid != null">
                authorid = #{authorid},
            </if>
            <if test="ownerid != null">
                ownerid = #{ownerid},
            </if>
            <if test="email != null and email != ''">
                email = #{email},
            </if>
            <if test="ip != null and ip != ''">
                ip = #{ip},
            </if>
            <if test="agent != null and agent != ''">
                agent = #{agent},
            </if>
            <if test="text != null and text != ''">
                text = #{text},
            </if>
            <if test="status != null">
                status = #{status},
            </if>
            <if test="parent != null">
                parent = #{parent},
            </if>
        </set>
        where coid = #{coid}
    </update>

    <!--通过主键删除-->
    <delete id="deleteById">
        delete from guiyu.comments where coid = #{coid}
    </delete>

</mapper>