<?xml version="1.0" encoding="UTF-8"?>
<!DOCTYPE mapper PUBLIC "-//mybatis.org//DTD Mapper 3.0//EN" "http://mybatis.org/dtd/mybatis-3-mapper.dtd">
<mapper namespace="com.geek.guiyu.infrastructure.dao.CommentsMapper">
  <resultMap id="BaseResultMap" type="com.geek.guiyu.domain.model.Comments">
    <!--
      WARNING - @mbggenerated
      This element is automatically generated by MyBatis Generator, do not modify.
      This element was generated on Tue Mar 31 20:43:01 CST 2020.
    -->
    <id column="coid" jdbcType="INTEGER" property="coid" />
    <result column="cid" jdbcType="INTEGER" property="cid" />
    <result column="create_time" jdbcType="TIMESTAMP" property="createTime" />
    <result column="deleted" jdbcType="TINYINT" property="deleted" />
    <result column="author" jdbcType="VARCHAR" property="author" />
    <result column="authorid" jdbcType="INTEGER" property="authorid" />
    <result column="ownerid" jdbcType="INTEGER" property="ownerid" />
    <result column="email" jdbcType="VARCHAR" property="email" />
    <result column="ip" jdbcType="VARCHAR" property="ip" />
    <result column="agent" jdbcType="VARCHAR" property="agent" />
    <result column="status" jdbcType="TINYINT" property="status" />
    <result column="parent" jdbcType="INTEGER" property="parent" />
  </resultMap>
  <resultMap extends="BaseResultMap" id="ResultMapWithBLOBs" type="com.geek.guiyu.domain.model.Comments">
    <!--
      WARNING - @mbggenerated
      This element is automatically generated by MyBatis Generator, do not modify.
      This element was generated on Tue Mar 31 20:43:01 CST 2020.
    -->
    <result column="text" jdbcType="LONGVARCHAR" property="text" />
  </resultMap>
  <sql id="Example_Where_Clause">
    <!--
      WARNING - @mbggenerated
      This element is automatically generated by MyBatis Generator, do not modify.
      This element was generated on Tue Mar 31 20:43:01 CST 2020.
    -->
    <where>
      <foreach collection="oredCriteria" item="criteria" separator="or">
        <if test="criteria.valid">
          <trim prefix="(" prefixOverrides="and" suffix=")">
            <foreach collection="criteria.criteria" item="criterion">
              <choose>
                <when test="criterion.noValue">
                  and ${criterion.condition}
                </when>
                <when test="criterion.singleValue">
                  and ${criterion.condition} #{criterion.value}
                </when>
                <when test="criterion.betweenValue">
                  and ${criterion.condition} #{criterion.value} and #{criterion.secondValue}
                </when>
                <when test="criterion.listValue">
                  and ${criterion.condition}
                  <foreach close=")" collection="criterion.value" item="listItem" open="(" separator=",">
                    #{listItem}
                  </foreach>
                </when>
              </choose>
            </foreach>
          </trim>
        </if>
      </foreach>
    </where>
  </sql>
  <sql id="Update_By_Example_Where_Clause">
    <!--
      WARNING - @mbggenerated
      This element is automatically generated by MyBatis Generator, do not modify.
      This element was generated on Tue Mar 31 20:43:01 CST 2020.
    -->
    <where>
      <foreach collection="example.oredCriteria" item="criteria" separator="or">
        <if test="criteria.valid">
          <trim prefix="(" prefixOverrides="and" suffix=")">
            <foreach collection="criteria.criteria" item="criterion">
              <choose>
                <when test="criterion.noValue">
                  and ${criterion.condition}
                </when>
                <when test="criterion.singleValue">
                  and ${criterion.condition} #{criterion.value}
                </when>
                <when test="criterion.betweenValue">
                  and ${criterion.condition} #{criterion.value} and #{criterion.secondValue}
                </when>
                <when test="criterion.listValue">
                  and ${criterion.condition}
                  <foreach close=")" collection="criterion.value" item="listItem" open="(" separator=",">
                    #{listItem}
                  </foreach>
                </when>
              </choose>
            </foreach>
          </trim>
        </if>
      </foreach>
    </where>
  </sql>
  <sql id="Base_Column_List">
    <!--
      WARNING - @mbggenerated
      This element is automatically generated by MyBatis Generator, do not modify.
      This element was generated on Tue Mar 31 20:43:01 CST 2020.
    -->
    coid, cid, create_time, deleted, author, authorid, ownerid, email, ip, agent, status, 
    parent
  </sql>
  <sql id="Blob_Column_List">
    <!--
      WARNING - @mbggenerated
      This element is automatically generated by MyBatis Generator, do not modify.
      This element was generated on Tue Mar 31 20:43:01 CST 2020.
    -->
    text
  </sql>
  <select id="selectByExampleWithBLOBs" parameterType="com.geek.guiyu.domain.model.CommentsExample" resultMap="ResultMapWithBLOBs">
    <!--
      WARNING - @mbggenerated
      This element is automatically generated by MyBatis Generator, do not modify.
      This element was generated on Tue Mar 31 20:43:01 CST 2020.
    -->
    select
    <if test="distinct">
      distinct
    </if>
    <include refid="Base_Column_List" />
    ,
    <include refid="Blob_Column_List" />
    from comments
    <if test="_parameter != null">
      <include refid="Example_Where_Clause" />
    </if>
    <if test="orderByClause != null">
      order by ${orderByClause}
    </if>
  </select>
  <select id="selectByExample" parameterType="com.geek.guiyu.domain.model.CommentsExample" resultMap="BaseResultMap">
    <!--
      WARNING - @mbggenerated
      This element is automatically generated by MyBatis Generator, do not modify.
      This element was generated on Tue Mar 31 20:43:01 CST 2020.
    -->
    select
    <if test="distinct">
      distinct
    </if>
    <include refid="Base_Column_List" />
    from comments
    <if test="_parameter != null">
      <include refid="Example_Where_Clause" />
    </if>
    <if test="orderByClause != null">
      order by ${orderByClause}
    </if>
  </select>
  <select id="selectByPrimaryKey" parameterType="java.lang.Integer" resultMap="ResultMapWithBLOBs">
    <!--
      WARNING - @mbggenerated
      This element is automatically generated by MyBatis Generator, do not modify.
      This element was generated on Tue Mar 31 20:43:01 CST 2020.
    -->
    select 
    <include refid="Base_Column_List" />
    ,
    <include refid="Blob_Column_List" />
    from comments
    where coid = #{coid,jdbcType=INTEGER}
    order by create_time desc
  </select>
  <delete id="deleteByPrimaryKey" parameterType="java.lang.Integer">
    <!--
      WARNING - @mbggenerated
      This element is automatically generated by MyBatis Generator, do not modify.
      This element was generated on Tue Mar 31 20:43:01 CST 2020.
    -->
    delete from comments
    where coid = #{coid,jdbcType=INTEGER}
  </delete>
  <delete id="deleteByExample" parameterType="com.geek.guiyu.domain.model.CommentsExample">
    <!--
      WARNING - @mbggenerated
      This element is automatically generated by MyBatis Generator, do not modify.
      This element was generated on Tue Mar 31 20:43:01 CST 2020.
    -->
    delete from comments
    <if test="_parameter != null">
      <include refid="Example_Where_Clause" />
    </if>
  </delete>
  <insert id="insert" parameterType="com.geek.guiyu.domain.model.Comments">
    <!--
      WARNING - @mbggenerated
      This element is automatically generated by MyBatis Generator, do not modify.
      This element was generated on Tue Mar 31 20:43:01 CST 2020.
    -->
    insert into comments (coid, cid, create_time, 
      deleted, author, authorid, 
      ownerid, email, ip, 
      agent, status, parent, 
      text)
    values (#{coid,jdbcType=INTEGER}, #{cid,jdbcType=INTEGER}, #{createTime,jdbcType=TIMESTAMP}, 
      #{deleted,jdbcType=TINYINT}, #{author,jdbcType=VARCHAR}, #{authorid,jdbcType=INTEGER}, 
      #{ownerid,jdbcType=INTEGER}, #{email,jdbcType=VARCHAR}, #{ip,jdbcType=VARCHAR}, 
      #{agent,jdbcType=VARCHAR}, #{status,jdbcType=TINYINT}, #{parent,jdbcType=INTEGER}, 
      #{text,jdbcType=LONGVARCHAR})
  </insert>
  <insert id="insertSelective" parameterType="com.geek.guiyu.domain.model.Comments">
    <!--
      WARNING - @mbggenerated
      This element is automatically generated by MyBatis Generator, do not modify.
      This element was generated on Tue Mar 31 20:43:01 CST 2020.
    -->
    insert into comments
    <trim prefix="(" suffix=")" suffixOverrides=",">
      <if test="coid != null">
        coid,
      </if>
      <if test="cid != null">
        cid,
      </if>
      <if test="createTime != null">
        create_time,
      </if>
      <if test="deleted != null">
        deleted,
      </if>
      <if test="author != null">
        author,
      </if>
      <if test="authorid != null">
        authorid,
      </if>
      <if test="ownerid != null">
        ownerid,
      </if>
      <if test="email != null">
        email,
      </if>
      <if test="ip != null">
        ip,
      </if>
      <if test="agent != null">
        agent,
      </if>
      <if test="status != null">
        status,
      </if>
      <if test="parent != null">
        parent,
      </if>
      <if test="text != null">
        text,
      </if>
    </trim>
    <trim prefix="values (" suffix=")" suffixOverrides=",">
      <if test="coid != null">
        #{coid,jdbcType=INTEGER},
      </if>
      <if test="cid != null">
        #{cid,jdbcType=INTEGER},
      </if>
      <if test="createTime != null">
        #{createTime,jdbcType=TIMESTAMP},
      </if>
      <if test="deleted != null">
        #{deleted,jdbcType=TINYINT},
      </if>
      <if test="author != null">
        #{author,jdbcType=VARCHAR},
      </if>
      <if test="authorid != null">
        #{authorid,jdbcType=INTEGER},
      </if>
      <if test="ownerid != null">
        #{ownerid,jdbcType=INTEGER},
      </if>
      <if test="email != null">
        #{email,jdbcType=VARCHAR},
      </if>
      <if test="ip != null">
        #{ip,jdbcType=VARCHAR},
      </if>
      <if test="agent != null">
        #{agent,jdbcType=VARCHAR},
      </if>
      <if test="status != null">
        #{status,jdbcType=TINYINT},
      </if>
      <if test="parent != null">
        #{parent,jdbcType=INTEGER},
      </if>
      <if test="text != null">
        #{text,jdbcType=LONGVARCHAR},
      </if>
    </trim>
  </insert>
  <select id="countByExample" parameterType="com.geek.guiyu.domain.model.CommentsExample" resultType="java.lang.Integer">
    <!--
      WARNING - @mbggenerated
      This element is automatically generated by MyBatis Generator, do not modify.
      This element was generated on Tue Mar 31 20:43:01 CST 2020.
    -->
    select count(*) from comments
    <if test="_parameter != null">
      <include refid="Example_Where_Clause" />
    </if>
  </select>
  <update id="updateByExampleSelective" parameterType="map">
    <!--
      WARNING - @mbggenerated
      This element is automatically generated by MyBatis Generator, do not modify.
      This element was generated on Tue Mar 31 20:43:01 CST 2020.
    -->
    update comments
    <set>
      <if test="record.coid != null">
        coid = #{record.coid,jdbcType=INTEGER},
      </if>
      <if test="record.cid != null">
        cid = #{record.cid,jdbcType=INTEGER},
      </if>
      <if test="record.createTime != null">
        create_time = #{record.createTime,jdbcType=TIMESTAMP},
      </if>
      <if test="record.deleted != null">
        deleted = #{record.deleted,jdbcType=TINYINT},
      </if>
      <if test="record.author != null">
        author = #{record.author,jdbcType=VARCHAR},
      </if>
      <if test="record.authorid != null">
        authorid = #{record.authorid,jdbcType=INTEGER},
      </if>
      <if test="record.ownerid != null">
        ownerid = #{record.ownerid,jdbcType=INTEGER},
      </if>
      <if test="record.email != null">
        email = #{record.email,jdbcType=VARCHAR},
      </if>
      <if test="record.ip != null">
        ip = #{record.ip,jdbcType=VARCHAR},
      </if>
      <if test="record.agent != null">
        agent = #{record.agent,jdbcType=VARCHAR},
      </if>
      <if test="record.status != null">
        status = #{record.status,jdbcType=TINYINT},
      </if>
      <if test="record.parent != null">
        parent = #{record.parent,jdbcType=INTEGER},
      </if>
      <if test="record.text != null">
        text = #{record.text,jdbcType=LONGVARCHAR},
      </if>
    </set>
    <if test="_parameter != null">
      <include refid="Update_By_Example_Where_Clause" />
    </if>
  </update>
  <update id="updateByExampleWithBLOBs" parameterType="map">
    <!--
      WARNING - @mbggenerated
      This element is automatically generated by MyBatis Generator, do not modify.
      This element was generated on Tue Mar 31 20:43:01 CST 2020.
    -->
    update comments
    set coid = #{record.coid,jdbcType=INTEGER},
      cid = #{record.cid,jdbcType=INTEGER},
      create_time = #{record.createTime,jdbcType=TIMESTAMP},
      deleted = #{record.deleted,jdbcType=TINYINT},
      author = #{record.author,jdbcType=VARCHAR},
      authorid = #{record.authorid,jdbcType=INTEGER},
      ownerid = #{record.ownerid,jdbcType=INTEGER},
      email = #{record.email,jdbcType=VARCHAR},
      ip = #{record.ip,jdbcType=VARCHAR},
      agent = #{record.agent,jdbcType=VARCHAR},
      status = #{record.status,jdbcType=TINYINT},
      parent = #{record.parent,jdbcType=INTEGER},
      text = #{record.text,jdbcType=LONGVARCHAR}
    <if test="_parameter != null">
      <include refid="Update_By_Example_Where_Clause" />
    </if>
  </update>
  <update id="updateByExample" parameterType="map">
    <!--
      WARNING - @mbggenerated
      This element is automatically generated by MyBatis Generator, do not modify.
      This element was generated on Tue Mar 31 20:43:01 CST 2020.
    -->
    update comments
    set coid = #{record.coid,jdbcType=INTEGER},
      cid = #{record.cid,jdbcType=INTEGER},
      create_time = #{record.createTime,jdbcType=TIMESTAMP},
      deleted = #{record.deleted,jdbcType=TINYINT},
      author = #{record.author,jdbcType=VARCHAR},
      authorid = #{record.authorid,jdbcType=INTEGER},
      ownerid = #{record.ownerid,jdbcType=INTEGER},
      email = #{record.email,jdbcType=VARCHAR},
      ip = #{record.ip,jdbcType=VARCHAR},
      agent = #{record.agent,jdbcType=VARCHAR},
      status = #{record.status,jdbcType=TINYINT},
      parent = #{record.parent,jdbcType=INTEGER}
    <if test="_parameter != null">
      <include refid="Update_By_Example_Where_Clause" />
    </if>
  </update>
  <update id="updateByPrimaryKeySelective" parameterType="com.geek.guiyu.domain.model.Comments">
    <!--
      WARNING - @mbggenerated
      This element is automatically generated by MyBatis Generator, do not modify.
      This element was generated on Tue Mar 31 20:43:01 CST 2020.
    -->
    update comments
    <set>
      <if test="cid != null">
        cid = #{cid,jdbcType=INTEGER},
      </if>
      <if test="createTime != null">
        create_time = #{createTime,jdbcType=TIMESTAMP},
      </if>
      <if test="deleted != null">
        deleted = #{deleted,jdbcType=TINYINT},
      </if>
      <if test="author != null">
        author = #{author,jdbcType=VARCHAR},
      </if>
      <if test="authorid != null">
        authorid = #{authorid,jdbcType=INTEGER},
      </if>
      <if test="ownerid != null">
        ownerid = #{ownerid,jdbcType=INTEGER},
      </if>
      <if test="email != null">
        email = #{email,jdbcType=VARCHAR},
      </if>
      <if test="ip != null">
        ip = #{ip,jdbcType=VARCHAR},
      </if>
      <if test="agent != null">
        agent = #{agent,jdbcType=VARCHAR},
      </if>
      <if test="status != null">
        status = #{status,jdbcType=TINYINT},
      </if>
      <if test="parent != null">
        parent = #{parent,jdbcType=INTEGER},
      </if>
      <if test="text != null">
        text = #{text,jdbcType=LONGVARCHAR},
      </if>
    </set>
    where coid = #{coid,jdbcType=INTEGER}
  </update>
  <update id="updateByPrimaryKeyWithBLOBs" parameterType="com.geek.guiyu.domain.model.Comments">
    <!--
      WARNING - @mbggenerated
      This element is automatically generated by MyBatis Generator, do not modify.
      This element was generated on Tue Mar 31 20:43:01 CST 2020.
    -->
    update comments
    set cid = #{cid,jdbcType=INTEGER},
      create_time = #{createTime,jdbcType=TIMESTAMP},
      deleted = #{deleted,jdbcType=TINYINT},
      author = #{author,jdbcType=VARCHAR},
      authorid = #{authorid,jdbcType=INTEGER},
      ownerid = #{ownerid,jdbcType=INTEGER},
      email = #{email,jdbcType=VARCHAR},
      ip = #{ip,jdbcType=VARCHAR},
      agent = #{agent,jdbcType=VARCHAR},
      status = #{status,jdbcType=TINYINT},
      parent = #{parent,jdbcType=INTEGER},
      text = #{text,jdbcType=LONGVARCHAR}
    where coid = #{coid,jdbcType=INTEGER}
  </update>
  <update id="updateByPrimaryKey" parameterType="com.geek.guiyu.domain.model.Comments">
    <!--
      WARNING - @mbggenerated
      This element is automatically generated by MyBatis Generator, do not modify.
      This element was generated on Tue Mar 31 20:43:01 CST 2020.
    -->
    update comments
    set cid = #{cid,jdbcType=INTEGER},
      create_time = #{createTime,jdbcType=TIMESTAMP},
      deleted = #{deleted,jdbcType=TINYINT},
      author = #{author,jdbcType=VARCHAR},
      authorid = #{authorid,jdbcType=INTEGER},
      ownerid = #{ownerid,jdbcType=INTEGER},
      email = #{email,jdbcType=VARCHAR},
      ip = #{ip,jdbcType=VARCHAR},
      agent = #{agent,jdbcType=VARCHAR},
      status = #{status,jdbcType=TINYINT},
      parent = #{parent,jdbcType=INTEGER}
    where coid = #{coid,jdbcType=INTEGER}
  </update>
</mapper>