<?xml version="1.0" encoding="UTF-8"?>
<!DOCTYPE mapper PUBLIC "-//mybatis.org//DTD Mapper 3.0//EN" "http://mybatis.org/dtd/mybatis-3-mapper.dtd">
<mapper namespace="com.geek.guiyu.infrastructure.dao.CommunityMapper">
  <resultMap id="BaseResultMap" type="com.geek.guiyu.domain.model.Community">
    <!--
      WARNING - @mbggenerated
      This element is automatically generated by MyBatis Generator, do not modify.
      This element was generated on Sat Apr 04 18:16:32 CST 2020.
    -->
    <id column="id" jdbcType="INTEGER" property="id" />
    <result column="create_time" jdbcType="TIMESTAMP" property="createTime" />
    <result column="update_time" jdbcType="TIMESTAMP" property="updateTime" />
    <result column="deleted" jdbcType="TINYINT" property="deleted" />
    <result column="author" jdbcType="VARCHAR" property="author" />
    <result column="author_id" jdbcType="INTEGER" property="authorId" />
    <result column="ip" jdbcType="VARCHAR" property="ip" />
    <result column="agent" jdbcType="VARCHAR" property="agent" />
    <result column="parent_id" jdbcType="INTEGER" property="parentId" />
    <result column="replyid" jdbcType="INTEGER" property="replyid" />
    <result column="view_num" jdbcType="INTEGER" property="viewNum" />
    <result column="comment_num" jdbcType="INTEGER" property="commentNum" />
    <result column="thumb_num" jdbcType="INTEGER" property="thumbNum" />
  </resultMap>
  <resultMap extends="BaseResultMap" id="ResultMapWithBLOBs" type="com.geek.guiyu.domain.model.Community">
    <!--
      WARNING - @mbggenerated
      This element is automatically generated by MyBatis Generator, do not modify.
      This element was generated on Sat Apr 04 18:16:32 CST 2020.
    -->
    <result column="text" jdbcType="LONGVARCHAR" property="text" />
  </resultMap>
  <sql id="Example_Where_Clause">
    <!--
      WARNING - @mbggenerated
      This element is automatically generated by MyBatis Generator, do not modify.
      This element was generated on Sat Apr 04 18:16:32 CST 2020.
    -->
    <where>
      <foreach collection="oredCriteria" item="criteria" separator="or">
        <if test="criteria.valid">
          <trim prefix="(" prefixOverrides="and" suffix=")">
            <foreach collection="criteria.criteria" item="criterion">
              <choose>
                <when test="criterion.noValue">
                  and ${criterion.condition}
                </when>
                <when test="criterion.singleValue">
                  and ${criterion.condition} #{criterion.value}
                </when>
                <when test="criterion.betweenValue">
                  and ${criterion.condition} #{criterion.value} and #{criterion.secondValue}
                </when>
                <when test="criterion.listValue">
                  and ${criterion.condition}
                  <foreach close=")" collection="criterion.value" item="listItem" open="(" separator=",">
                    #{listItem}
                  </foreach>
                </when>
              </choose>
            </foreach>
          </trim>
        </if>
      </foreach>
    </where>
  </sql>
  <sql id="Update_By_Example_Where_Clause">
    <!--
      WARNING - @mbggenerated
      This element is automatically generated by MyBatis Generator, do not modify.
      This element was generated on Sat Apr 04 18:16:32 CST 2020.
    -->
    <where>
      <foreach collection="example.oredCriteria" item="criteria" separator="or">
        <if test="criteria.valid">
          <trim prefix="(" prefixOverrides="and" suffix=")">
            <foreach collection="criteria.criteria" item="criterion">
              <choose>
                <when test="criterion.noValue">
                  and ${criterion.condition}
                </when>
                <when test="criterion.singleValue">
                  and ${criterion.condition} #{criterion.value}
                </when>
                <when test="criterion.betweenValue">
                  and ${criterion.condition} #{criterion.value} and #{criterion.secondValue}
                </when>
                <when test="criterion.listValue">
                  and ${criterion.condition}
                  <foreach close=")" collection="criterion.value" item="listItem" open="(" separator=",">
                    #{listItem}
                  </foreach>
                </when>
              </choose>
            </foreach>
          </trim>
        </if>
      </foreach>
    </where>
  </sql>
  <sql id="Base_Column_List">
    <!--
      WARNING - @mbggenerated
      This element is automatically generated by MyBatis Generator, do not modify.
      This element was generated on Sat Apr 04 18:16:32 CST 2020.
    -->
    id, create_time, update_time, deleted, author, author_id, ip, agent, parent_id, replyid, 
    view_num, comment_num, thumb_num
  </sql>
  <sql id="Blob_Column_List">
    <!--
      WARNING - @mbggenerated
      This element is automatically generated by MyBatis Generator, do not modify.
      This element was generated on Sat Apr 04 18:16:32 CST 2020.
    -->
    text
  </sql>
  <select id="selectByExampleWithBLOBs" parameterType="com.geek.guiyu.domain.model.CommunityExample" resultMap="ResultMapWithBLOBs">
    <!--
      WARNING - @mbggenerated
      This element is automatically generated by MyBatis Generator, do not modify.
      This element was generated on Sat Apr 04 18:16:32 CST 2020.
    -->
    select
    <if test="distinct">
      distinct
    </if>
    <include refid="Base_Column_List" />
    ,
    <include refid="Blob_Column_List" />
    from community
    <if test="_parameter != null">
      <include refid="Example_Where_Clause" />
    </if>
    <if test="orderByClause != null">
      order by ${orderByClause}
    </if>
  </select>
  <select id="selectByExample" parameterType="com.geek.guiyu.domain.model.CommunityExample" resultMap="BaseResultMap">
    <!--
      WARNING - @mbggenerated
      This element is automatically generated by MyBatis Generator, do not modify.
      This element was generated on Sat Apr 04 18:16:32 CST 2020.
    -->
    select
    <if test="distinct">
      distinct
    </if>
    <include refid="Base_Column_List" />
    from community
    <if test="_parameter != null">
      <include refid="Example_Where_Clause" />
    </if>
    <if test="orderByClause != null">
      order by ${orderByClause}
    </if>
  </select>
  <select id="selectByPrimaryKey" parameterType="java.lang.Integer" resultMap="ResultMapWithBLOBs">
    <!--
      WARNING - @mbggenerated
      This element is automatically generated by MyBatis Generator, do not modify.
      This element was generated on Sat Apr 04 18:16:32 CST 2020.
    -->
    select 
    <include refid="Base_Column_List" />
    ,
    <include refid="Blob_Column_List" />
    from community
    where id = #{id,jdbcType=INTEGER}
  </select>
  <delete id="deleteByPrimaryKey" parameterType="java.lang.Integer">
    <!--
      WARNING - @mbggenerated
      This element is automatically generated by MyBatis Generator, do not modify.
      This element was generated on Sat Apr 04 18:16:32 CST 2020.
    -->
    delete from community
    where id = #{id,jdbcType=INTEGER}
  </delete>
  <delete id="deleteByExample" parameterType="com.geek.guiyu.domain.model.CommunityExample">
    <!--
      WARNING - @mbggenerated
      This element is automatically generated by MyBatis Generator, do not modify.
      This element was generated on Sat Apr 04 18:16:32 CST 2020.
    -->
    delete from community
    <if test="_parameter != null">
      <include refid="Example_Where_Clause" />
    </if>
  </delete>
  <insert id="insert" parameterType="com.geek.guiyu.domain.model.Community">
    <!--
      WARNING - @mbggenerated
      This element is automatically generated by MyBatis Generator, do not modify.
      This element was generated on Sat Apr 04 18:16:32 CST 2020.
    -->
    <selectKey keyProperty="id" order="AFTER" resultType="java.lang.Integer">
      SELECT LAST_INSERT_ID()
    </selectKey>
    insert into community (create_time, update_time, deleted, 
      author, author_id, ip, 
      agent, parent_id, replyid, 
      view_num, comment_num, thumb_num, 
      text)
    values (#{createTime,jdbcType=TIMESTAMP}, #{updateTime,jdbcType=TIMESTAMP}, #{deleted,jdbcType=TINYINT}, 
      #{author,jdbcType=VARCHAR}, #{authorId,jdbcType=INTEGER}, #{ip,jdbcType=VARCHAR}, 
      #{agent,jdbcType=VARCHAR}, #{parentId,jdbcType=INTEGER}, #{replyid,jdbcType=INTEGER}, 
      #{viewNum,jdbcType=INTEGER}, #{commentNum,jdbcType=INTEGER}, #{thumbNum,jdbcType=INTEGER}, 
      #{text,jdbcType=LONGVARCHAR})
  </insert>
  <insert id="insertSelective" parameterType="com.geek.guiyu.domain.model.Community">
    <!--
      WARNING - @mbggenerated
      This element is automatically generated by MyBatis Generator, do not modify.
      This element was generated on Sat Apr 04 18:16:32 CST 2020.
    -->
    <selectKey keyProperty="id" order="AFTER" resultType="java.lang.Integer">
      SELECT LAST_INSERT_ID()
    </selectKey>
    insert into community
    <trim prefix="(" suffix=")" suffixOverrides=",">
      <if test="createTime != null">
        create_time,
      </if>
      <if test="updateTime != null">
        update_time,
      </if>
      <if test="deleted != null">
        deleted,
      </if>
      <if test="author != null">
        author,
      </if>
      <if test="authorId != null">
        author_id,
      </if>
      <if test="ip != null">
        ip,
      </if>
      <if test="agent != null">
        agent,
      </if>
      <if test="parentId != null">
        parent_id,
      </if>
      <if test="replyid != null">
        replyid,
      </if>
      <if test="viewNum != null">
        view_num,
      </if>
      <if test="commentNum != null">
        comment_num,
      </if>
      <if test="thumbNum != null">
        thumb_num,
      </if>
      <if test="text != null">
        text,
      </if>
    </trim>
    <trim prefix="values (" suffix=")" suffixOverrides=",">
      <if test="createTime != null">
        #{createTime,jdbcType=TIMESTAMP},
      </if>
      <if test="updateTime != null">
        #{updateTime,jdbcType=TIMESTAMP},
      </if>
      <if test="deleted != null">
        #{deleted,jdbcType=TINYINT},
      </if>
      <if test="author != null">
        #{author,jdbcType=VARCHAR},
      </if>
      <if test="authorId != null">
        #{authorId,jdbcType=INTEGER},
      </if>
      <if test="ip != null">
        #{ip,jdbcType=VARCHAR},
      </if>
      <if test="agent != null">
        #{agent,jdbcType=VARCHAR},
      </if>
      <if test="parentId != null">
        #{parentId,jdbcType=INTEGER},
      </if>
      <if test="replyid != null">
        #{replyid,jdbcType=INTEGER},
      </if>
      <if test="viewNum != null">
        #{viewNum,jdbcType=INTEGER},
      </if>
      <if test="commentNum != null">
        #{commentNum,jdbcType=INTEGER},
      </if>
      <if test="thumbNum != null">
        #{thumbNum,jdbcType=INTEGER},
      </if>
      <if test="text != null">
        #{text,jdbcType=LONGVARCHAR},
      </if>
    </trim>
  </insert>
  <select id="countByExample" parameterType="com.geek.guiyu.domain.model.CommunityExample" resultType="java.lang.Integer">
    <!--
      WARNING - @mbggenerated
      This element is automatically generated by MyBatis Generator, do not modify.
      This element was generated on Sat Apr 04 18:16:32 CST 2020.
    -->
    select count(*) from community
    <if test="_parameter != null">
      <include refid="Example_Where_Clause" />
    </if>
  </select>
  <update id="updateByExampleSelective" parameterType="map">
    <!--
      WARNING - @mbggenerated
      This element is automatically generated by MyBatis Generator, do not modify.
      This element was generated on Sat Apr 04 18:16:32 CST 2020.
    -->
    update community
    <set>
      <if test="record.id != null">
        id = #{record.id,jdbcType=INTEGER},
      </if>
      <if test="record.createTime != null">
        create_time = #{record.createTime,jdbcType=TIMESTAMP},
      </if>
      <if test="record.updateTime != null">
        update_time = #{record.updateTime,jdbcType=TIMESTAMP},
      </if>
      <if test="record.deleted != null">
        deleted = #{record.deleted,jdbcType=TINYINT},
      </if>
      <if test="record.author != null">
        author = #{record.author,jdbcType=VARCHAR},
      </if>
      <if test="record.authorId != null">
        author_id = #{record.authorId,jdbcType=INTEGER},
      </if>
      <if test="record.ip != null">
        ip = #{record.ip,jdbcType=VARCHAR},
      </if>
      <if test="record.agent != null">
        agent = #{record.agent,jdbcType=VARCHAR},
      </if>
      <if test="record.parentId != null">
        parent_id = #{record.parentId,jdbcType=INTEGER},
      </if>
      <if test="record.replyid != null">
        replyid = #{record.replyid,jdbcType=INTEGER},
      </if>
      <if test="record.viewNum != null">
        view_num = #{record.viewNum,jdbcType=INTEGER},
      </if>
      <if test="record.commentNum != null">
        comment_num = #{record.commentNum,jdbcType=INTEGER},
      </if>
      <if test="record.thumbNum != null">
        thumb_num = #{record.thumbNum,jdbcType=INTEGER},
      </if>
      <if test="record.text != null">
        text = #{record.text,jdbcType=LONGVARCHAR},
      </if>
    </set>
    <if test="_parameter != null">
      <include refid="Update_By_Example_Where_Clause" />
    </if>
  </update>
  <update id="updateByExampleWithBLOBs" parameterType="map">
    <!--
      WARNING - @mbggenerated
      This element is automatically generated by MyBatis Generator, do not modify.
      This element was generated on Sat Apr 04 18:16:32 CST 2020.
    -->
    update community
    set id = #{record.id,jdbcType=INTEGER},
      create_time = #{record.createTime,jdbcType=TIMESTAMP},
      update_time = #{record.updateTime,jdbcType=TIMESTAMP},
      deleted = #{record.deleted,jdbcType=TINYINT},
      author = #{record.author,jdbcType=VARCHAR},
      author_id = #{record.authorId,jdbcType=INTEGER},
      ip = #{record.ip,jdbcType=VARCHAR},
      agent = #{record.agent,jdbcType=VARCHAR},
      parent_id = #{record.parentId,jdbcType=INTEGER},
      replyid = #{record.replyid,jdbcType=INTEGER},
      view_num = #{record.viewNum,jdbcType=INTEGER},
      comment_num = #{record.commentNum,jdbcType=INTEGER},
      thumb_num = #{record.thumbNum,jdbcType=INTEGER},
      text = #{record.text,jdbcType=LONGVARCHAR}
    <if test="_parameter != null">
      <include refid="Update_By_Example_Where_Clause" />
    </if>
  </update>
  <update id="updateByExample" parameterType="map">
    <!--
      WARNING - @mbggenerated
      This element is automatically generated by MyBatis Generator, do not modify.
      This element was generated on Sat Apr 04 18:16:32 CST 2020.
    -->
    update community
    set id = #{record.id,jdbcType=INTEGER},
      create_time = #{record.createTime,jdbcType=TIMESTAMP},
      update_time = #{record.updateTime,jdbcType=TIMESTAMP},
      deleted = #{record.deleted,jdbcType=TINYINT},
      author = #{record.author,jdbcType=VARCHAR},
      author_id = #{record.authorId,jdbcType=INTEGER},
      ip = #{record.ip,jdbcType=VARCHAR},
      agent = #{record.agent,jdbcType=VARCHAR},
      parent_id = #{record.parentId,jdbcType=INTEGER},
      replyid = #{record.replyid,jdbcType=INTEGER},
      view_num = #{record.viewNum,jdbcType=INTEGER},
      comment_num = #{record.commentNum,jdbcType=INTEGER},
      thumb_num = #{record.thumbNum,jdbcType=INTEGER}
    <if test="_parameter != null">
      <include refid="Update_By_Example_Where_Clause" />
    </if>
  </update>
  <update id="updateByPrimaryKeySelective" parameterType="com.geek.guiyu.domain.model.Community">
    <!--
      WARNING - @mbggenerated
      This element is automatically generated by MyBatis Generator, do not modify.
      This element was generated on Sat Apr 04 18:16:32 CST 2020.
    -->
    update community
    <set>
      <if test="createTime != null">
        create_time = #{createTime,jdbcType=TIMESTAMP},
      </if>
      <if test="updateTime != null">
        update_time = #{updateTime,jdbcType=TIMESTAMP},
      </if>
      <if test="deleted != null">
        deleted = #{deleted,jdbcType=TINYINT},
      </if>
      <if test="author != null">
        author = #{author,jdbcType=VARCHAR},
      </if>
      <if test="authorId != null">
        author_id = #{authorId,jdbcType=INTEGER},
      </if>
      <if test="ip != null">
        ip = #{ip,jdbcType=VARCHAR},
      </if>
      <if test="agent != null">
        agent = #{agent,jdbcType=VARCHAR},
      </if>
      <if test="parentId != null">
        parent_id = #{parentId,jdbcType=INTEGER},
      </if>
      <if test="replyid != null">
        replyid = #{replyid,jdbcType=INTEGER},
      </if>
      <if test="viewNum != null">
        view_num = #{viewNum,jdbcType=INTEGER},
      </if>
      <if test="commentNum != null">
        comment_num = #{commentNum,jdbcType=INTEGER},
      </if>
      <if test="thumbNum != null">
        thumb_num = #{thumbNum,jdbcType=INTEGER},
      </if>
      <if test="text != null">
        text = #{text,jdbcType=LONGVARCHAR},
      </if>
    </set>
    where id = #{id,jdbcType=INTEGER}
  </update>
  <update id="updateByPrimaryKeyWithBLOBs" parameterType="com.geek.guiyu.domain.model.Community">
    <!--
      WARNING - @mbggenerated
      This element is automatically generated by MyBatis Generator, do not modify.
      This element was generated on Sat Apr 04 18:16:32 CST 2020.
    -->
    update community
    set create_time = #{createTime,jdbcType=TIMESTAMP},
      update_time = #{updateTime,jdbcType=TIMESTAMP},
      deleted = #{deleted,jdbcType=TINYINT},
      author = #{author,jdbcType=VARCHAR},
      author_id = #{authorId,jdbcType=INTEGER},
      ip = #{ip,jdbcType=VARCHAR},
      agent = #{agent,jdbcType=VARCHAR},
      parent_id = #{parentId,jdbcType=INTEGER},
      replyid = #{replyid,jdbcType=INTEGER},
      view_num = #{viewNum,jdbcType=INTEGER},
      comment_num = #{commentNum,jdbcType=INTEGER},
      thumb_num = #{thumbNum,jdbcType=INTEGER},
      text = #{text,jdbcType=LONGVARCHAR}
    where id = #{id,jdbcType=INTEGER}
  </update>
  <update id="updateByPrimaryKey" parameterType="com.geek.guiyu.domain.model.Community">
    <!--
      WARNING - @mbggenerated
      This element is automatically generated by MyBatis Generator, do not modify.
      This element was generated on Sat Apr 04 18:16:32 CST 2020.
    -->
    update community
    set create_time = #{createTime,jdbcType=TIMESTAMP},
      update_time = #{updateTime,jdbcType=TIMESTAMP},
      deleted = #{deleted,jdbcType=TINYINT},
      author = #{author,jdbcType=VARCHAR},
      author_id = #{authorId,jdbcType=INTEGER},
      ip = #{ip,jdbcType=VARCHAR},
      agent = #{agent,jdbcType=VARCHAR},
      parent_id = #{parentId,jdbcType=INTEGER},
      replyid = #{replyid,jdbcType=INTEGER},
      view_num = #{viewNum,jdbcType=INTEGER},
      comment_num = #{commentNum,jdbcType=INTEGER},
      thumb_num = #{thumbNum,jdbcType=INTEGER}
    where id = #{id,jdbcType=INTEGER}
  </update>
</mapper>