<?xml version="1.0" encoding="UTF-8"?>
<!DOCTYPE mapper PUBLIC "-//mybatis.org//DTD Mapper 3.0//EN" "http://mybatis.org/dtd/mybatis-3-mapper.dtd">
<mapper namespace="com.geek.guiyu.infrastructure.dao.ContentsMapper">
  <resultMap id="BaseResultMap" type="com.geek.guiyu.domain.model.Contents">
    <!--
      WARNING - @mbggenerated
      This element is automatically generated by MyBatis Generator, do not modify.
      This element was generated on Sat Apr 04 18:07:52 CST 2020.
    -->
    <id column="cid" jdbcType="INTEGER" property="cid" />
    <result column="title" jdbcType="VARCHAR" property="title" />
    <result column="create_time" jdbcType="TIMESTAMP" property="createTime" />
    <result column="update_time" jdbcType="TIMESTAMP" property="updateTime" />
    <result column="uid" jdbcType="INTEGER" property="uid" />
    <result column="ctype" jdbcType="VARCHAR" property="ctype" />
    <result column="status" jdbcType="TINYINT" property="status" />
    <result column="password" jdbcType="VARCHAR" property="password" />
    <result column="comments_num" jdbcType="INTEGER" property="commentsNum" />
    <result column="parent" jdbcType="INTEGER" property="parent" />
    <result column="love_count" jdbcType="INTEGER" property="loveCount" />
    <result column="views" jdbcType="INTEGER" property="views" />
    <result column="allow_comments" jdbcType="TINYINT" property="allowComments" />
    <result column="is_hot" jdbcType="TINYINT" property="isHot" />
    <result column="corder" jdbcType="INTEGER" property="corder" />
  </resultMap>
  <resultMap extends="BaseResultMap" id="ResultMapWithBLOBs" type="com.geek.guiyu.domain.model.Contents">
    <!--
      WARNING - @mbggenerated
      This element is automatically generated by MyBatis Generator, do not modify.
      This element was generated on Sat Apr 04 18:07:52 CST 2020.
    -->
    <result column="ctext" jdbcType="LONGVARCHAR" property="ctext" />
  </resultMap>
  <sql id="Example_Where_Clause">
    <!--
      WARNING - @mbggenerated
      This element is automatically generated by MyBatis Generator, do not modify.
      This element was generated on Sat Apr 04 18:07:52 CST 2020.
    -->
    <where>
      <foreach collection="oredCriteria" item="criteria" separator="or">
        <if test="criteria.valid">
          <trim prefix="(" prefixOverrides="and" suffix=")">
            <foreach collection="criteria.criteria" item="criterion">
              <choose>
                <when test="criterion.noValue">
                  and ${criterion.condition}
                </when>
                <when test="criterion.singleValue">
                  and ${criterion.condition} #{criterion.value}
                </when>
                <when test="criterion.betweenValue">
                  and ${criterion.condition} #{criterion.value} and #{criterion.secondValue}
                </when>
                <when test="criterion.listValue">
                  and ${criterion.condition}
                  <foreach close=")" collection="criterion.value" item="listItem" open="(" separator=",">
                    #{listItem}
                  </foreach>
                </when>
              </choose>
            </foreach>
          </trim>
        </if>
      </foreach>
    </where>
  </sql>
  <sql id="Update_By_Example_Where_Clause">
    <!--
      WARNING - @mbggenerated
      This element is automatically generated by MyBatis Generator, do not modify.
      This element was generated on Sat Apr 04 18:07:52 CST 2020.
    -->
    <where>
      <foreach collection="example.oredCriteria" item="criteria" separator="or">
        <if test="criteria.valid">
          <trim prefix="(" prefixOverrides="and" suffix=")">
            <foreach collection="criteria.criteria" item="criterion">
              <choose>
                <when test="criterion.noValue">
                  and ${criterion.condition}
                </when>
                <when test="criterion.singleValue">
                  and ${criterion.condition} #{criterion.value}
                </when>
                <when test="criterion.betweenValue">
                  and ${criterion.condition} #{criterion.value} and #{criterion.secondValue}
                </when>
                <when test="criterion.listValue">
                  and ${criterion.condition}
                  <foreach close=")" collection="criterion.value" item="listItem" open="(" separator=",">
                    #{listItem}
                  </foreach>
                </when>
              </choose>
            </foreach>
          </trim>
        </if>
      </foreach>
    </where>
  </sql>
  <sql id="Base_Column_List">
    <!--
      WARNING - @mbggenerated
      This element is automatically generated by MyBatis Generator, do not modify.
      This element was generated on Sat Apr 04 18:07:52 CST 2020.
    -->
    cid, title, create_time, update_time, uid, ctype, status, password, comments_num, 
    parent, love_count, views, allow_comments, is_hot, corder
  </sql>
  <sql id="Blob_Column_List">
    <!--
      WARNING - @mbggenerated
      This element is automatically generated by MyBatis Generator, do not modify.
      This element was generated on Sat Apr 04 18:07:52 CST 2020.
    -->
    ctext
  </sql>
  <select id="selectByExampleWithBLOBs" parameterType="com.geek.guiyu.domain.model.ContentsExample" resultMap="ResultMapWithBLOBs">
    <!--
      WARNING - @mbggenerated
      This element is automatically generated by MyBatis Generator, do not modify.
      This element was generated on Sat Apr 04 18:07:52 CST 2020.
    -->
    select
    <if test="distinct">
      distinct
    </if>
    <include refid="Base_Column_List" />
    ,
    <include refid="Blob_Column_List" />
    from contents
    <if test="_parameter != null">
      <include refid="Example_Where_Clause" />
    </if>
    <if test="orderByClause != null">
      order by ${orderByClause}
    </if>
  </select>
  <select id="selectByExample" parameterType="com.geek.guiyu.domain.model.ContentsExample" resultMap="BaseResultMap">
    <!--
      WARNING - @mbggenerated
      This element is automatically generated by MyBatis Generator, do not modify.
      This element was generated on Sat Apr 04 18:07:52 CST 2020.
    -->
    select
    <if test="distinct">
      distinct
    </if>
    <include refid="Base_Column_List" />
    from contents
    <if test="_parameter != null">
      <include refid="Example_Where_Clause" />
    </if>
    <if test="orderByClause != null">
      order by ${orderByClause}
    </if>
  </select>
  <select id="selectByPrimaryKey" parameterType="java.lang.Integer" resultMap="ResultMapWithBLOBs">
    <!--
      WARNING - @mbggenerated
      This element is automatically generated by MyBatis Generator, do not modify.
      This element was generated on Sat Apr 04 18:07:52 CST 2020.
    -->
    select 
    <include refid="Base_Column_List" />
    ,
    <include refid="Blob_Column_List" />
    from contents
    where cid = #{cid,jdbcType=INTEGER}
  </select>
  <delete id="deleteByPrimaryKey" parameterType="java.lang.Integer">
    <!--
      WARNING - @mbggenerated
      This element is automatically generated by MyBatis Generator, do not modify.
      This element was generated on Sat Apr 04 18:07:52 CST 2020.
    -->
    delete from contents
    where cid = #{cid,jdbcType=INTEGER}
  </delete>
  <delete id="deleteByExample" parameterType="com.geek.guiyu.domain.model.ContentsExample">
    <!--
      WARNING - @mbggenerated
      This element is automatically generated by MyBatis Generator, do not modify.
      This element was generated on Sat Apr 04 18:07:52 CST 2020.
    -->
    delete from contents
    <if test="_parameter != null">
      <include refid="Example_Where_Clause" />
    </if>
  </delete>
  <insert id="insert" parameterType="com.geek.guiyu.domain.model.Contents">
    <!--
      WARNING - @mbggenerated
      This element is automatically generated by MyBatis Generator, do not modify.
      This element was generated on Sat Apr 04 18:07:52 CST 2020.
    -->
    insert into contents (cid, title, create_time, 
      update_time, uid, ctype, 
      status, password, comments_num, 
      parent, love_count, views, 
      allow_comments, is_hot, corder, 
      ctext)
    values (#{cid,jdbcType=INTEGER}, #{title,jdbcType=VARCHAR}, #{createTime,jdbcType=TIMESTAMP}, 
      #{updateTime,jdbcType=TIMESTAMP}, #{uid,jdbcType=INTEGER}, #{ctype,jdbcType=VARCHAR}, 
      #{status,jdbcType=TINYINT}, #{password,jdbcType=VARCHAR}, #{commentsNum,jdbcType=INTEGER}, 
      #{parent,jdbcType=INTEGER}, #{loveCount,jdbcType=INTEGER}, #{views,jdbcType=INTEGER}, 
      #{allowComments,jdbcType=TINYINT}, #{isHot,jdbcType=TINYINT}, #{corder,jdbcType=INTEGER}, 
      #{ctext,jdbcType=LONGVARCHAR})
  </insert>
  <insert id="insertSelective" parameterType="com.geek.guiyu.domain.model.Contents">
    <!--
      WARNING - @mbggenerated
      This element is automatically generated by MyBatis Generator, do not modify.
      This element was generated on Sat Apr 04 18:07:52 CST 2020.
    -->
    insert into contents
    <trim prefix="(" suffix=")" suffixOverrides=",">
      <if test="cid != null">
        cid,
      </if>
      <if test="title != null">
        title,
      </if>
      <if test="createTime != null">
        create_time,
      </if>
      <if test="updateTime != null">
        update_time,
      </if>
      <if test="uid != null">
        uid,
      </if>
      <if test="ctype != null">
        ctype,
      </if>
      <if test="status != null">
        status,
      </if>
      <if test="password != null">
        password,
      </if>
      <if test="commentsNum != null">
        comments_num,
      </if>
      <if test="parent != null">
        parent,
      </if>
      <if test="loveCount != null">
        love_count,
      </if>
      <if test="views != null">
        views,
      </if>
      <if test="allowComments != null">
        allow_comments,
      </if>
      <if test="isHot != null">
        is_hot,
      </if>
      <if test="corder != null">
        corder,
      </if>
      <if test="ctext != null">
        ctext,
      </if>
    </trim>
    <trim prefix="values (" suffix=")" suffixOverrides=",">
      <if test="cid != null">
        #{cid,jdbcType=INTEGER},
      </if>
      <if test="title != null">
        #{title,jdbcType=VARCHAR},
      </if>
      <if test="createTime != null">
        #{createTime,jdbcType=TIMESTAMP},
      </if>
      <if test="updateTime != null">
        #{updateTime,jdbcType=TIMESTAMP},
      </if>
      <if test="uid != null">
        #{uid,jdbcType=INTEGER},
      </if>
      <if test="ctype != null">
        #{ctype,jdbcType=VARCHAR},
      </if>
      <if test="status != null">
        #{status,jdbcType=TINYINT},
      </if>
      <if test="password != null">
        #{password,jdbcType=VARCHAR},
      </if>
      <if test="commentsNum != null">
        #{commentsNum,jdbcType=INTEGER},
      </if>
      <if test="parent != null">
        #{parent,jdbcType=INTEGER},
      </if>
      <if test="loveCount != null">
        #{loveCount,jdbcType=INTEGER},
      </if>
      <if test="views != null">
        #{views,jdbcType=INTEGER},
      </if>
      <if test="allowComments != null">
        #{allowComments,jdbcType=TINYINT},
      </if>
      <if test="isHot != null">
        #{isHot,jdbcType=TINYINT},
      </if>
      <if test="corder != null">
        #{corder,jdbcType=INTEGER},
      </if>
      <if test="ctext != null">
        #{ctext,jdbcType=LONGVARCHAR},
      </if>
    </trim>
  </insert>
  <select id="countByExample" parameterType="com.geek.guiyu.domain.model.ContentsExample" resultType="java.lang.Integer">
    <!--
      WARNING - @mbggenerated
      This element is automatically generated by MyBatis Generator, do not modify.
      This element was generated on Sat Apr 04 18:07:52 CST 2020.
    -->
    select count(*) from contents
    <if test="_parameter != null">
      <include refid="Example_Where_Clause" />
    </if>
  </select>
  <update id="updateByExampleSelective" parameterType="map">
    <!--
      WARNING - @mbggenerated
      This element is automatically generated by MyBatis Generator, do not modify.
      This element was generated on Sat Apr 04 18:07:52 CST 2020.
    -->
    update contents
    <set>
      <if test="record.cid != null">
        cid = #{record.cid,jdbcType=INTEGER},
      </if>
      <if test="record.title != null">
        title = #{record.title,jdbcType=VARCHAR},
      </if>
      <if test="record.createTime != null">
        create_time = #{record.createTime,jdbcType=TIMESTAMP},
      </if>
      <if test="record.updateTime != null">
        update_time = #{record.updateTime,jdbcType=TIMESTAMP},
      </if>
      <if test="record.uid != null">
        uid = #{record.uid,jdbcType=INTEGER},
      </if>
      <if test="record.ctype != null">
        ctype = #{record.ctype,jdbcType=VARCHAR},
      </if>
      <if test="record.status != null">
        status = #{record.status,jdbcType=TINYINT},
      </if>
      <if test="record.password != null">
        password = #{record.password,jdbcType=VARCHAR},
      </if>
      <if test="record.commentsNum != null">
        comments_num = #{record.commentsNum,jdbcType=INTEGER},
      </if>
      <if test="record.parent != null">
        parent = #{record.parent,jdbcType=INTEGER},
      </if>
      <if test="record.loveCount != null">
        love_count = #{record.loveCount,jdbcType=INTEGER},
      </if>
      <if test="record.views != null">
        views = #{record.views,jdbcType=INTEGER},
      </if>
      <if test="record.allowComments != null">
        allow_comments = #{record.allowComments,jdbcType=TINYINT},
      </if>
      <if test="record.isHot != null">
        is_hot = #{record.isHot,jdbcType=TINYINT},
      </if>
      <if test="record.corder != null">
        corder = #{record.corder,jdbcType=INTEGER},
      </if>
      <if test="record.ctext != null">
        ctext = #{record.ctext,jdbcType=LONGVARCHAR},
      </if>
    </set>
    <if test="_parameter != null">
      <include refid="Update_By_Example_Where_Clause" />
    </if>
  </update>
  <update id="updateByExampleWithBLOBs" parameterType="map">
    <!--
      WARNING - @mbggenerated
      This element is automatically generated by MyBatis Generator, do not modify.
      This element was generated on Sat Apr 04 18:07:52 CST 2020.
    -->
    update contents
    set cid = #{record.cid,jdbcType=INTEGER},
      title = #{record.title,jdbcType=VARCHAR},
      create_time = #{record.createTime,jdbcType=TIMESTAMP},
      update_time = #{record.updateTime,jdbcType=TIMESTAMP},
      uid = #{record.uid,jdbcType=INTEGER},
      ctype = #{record.ctype,jdbcType=VARCHAR},
      status = #{record.status,jdbcType=TINYINT},
      password = #{record.password,jdbcType=VARCHAR},
      comments_num = #{record.commentsNum,jdbcType=INTEGER},
      parent = #{record.parent,jdbcType=INTEGER},
      love_count = #{record.loveCount,jdbcType=INTEGER},
      views = #{record.views,jdbcType=INTEGER},
      allow_comments = #{record.allowComments,jdbcType=TINYINT},
      is_hot = #{record.isHot,jdbcType=TINYINT},
      corder = #{record.corder,jdbcType=INTEGER},
      ctext = #{record.ctext,jdbcType=LONGVARCHAR}
    <if test="_parameter != null">
      <include refid="Update_By_Example_Where_Clause" />
    </if>
  </update>
  <update id="updateByExample" parameterType="map">
    <!--
      WARNING - @mbggenerated
      This element is automatically generated by MyBatis Generator, do not modify.
      This element was generated on Sat Apr 04 18:07:52 CST 2020.
    -->
    update contents
    set cid = #{record.cid,jdbcType=INTEGER},
      title = #{record.title,jdbcType=VARCHAR},
      create_time = #{record.createTime,jdbcType=TIMESTAMP},
      update_time = #{record.updateTime,jdbcType=TIMESTAMP},
      uid = #{record.uid,jdbcType=INTEGER},
      ctype = #{record.ctype,jdbcType=VARCHAR},
      status = #{record.status,jdbcType=TINYINT},
      password = #{record.password,jdbcType=VARCHAR},
      comments_num = #{record.commentsNum,jdbcType=INTEGER},
      parent = #{record.parent,jdbcType=INTEGER},
      love_count = #{record.loveCount,jdbcType=INTEGER},
      views = #{record.views,jdbcType=INTEGER},
      allow_comments = #{record.allowComments,jdbcType=TINYINT},
      is_hot = #{record.isHot,jdbcType=TINYINT},
      corder = #{record.corder,jdbcType=INTEGER}
    <if test="_parameter != null">
      <include refid="Update_By_Example_Where_Clause" />
    </if>
  </update>
  <update id="updateByPrimaryKeySelective" parameterType="com.geek.guiyu.domain.model.Contents">
    <!--
      WARNING - @mbggenerated
      This element is automatically generated by MyBatis Generator, do not modify.
      This element was generated on Sat Apr 04 18:07:52 CST 2020.
    -->
    update contents
    <set>
      <if test="title != null">
        title = #{title,jdbcType=VARCHAR},
      </if>
      <if test="createTime != null">
        create_time = #{createTime,jdbcType=TIMESTAMP},
      </if>
      <if test="updateTime != null">
        update_time = #{updateTime,jdbcType=TIMESTAMP},
      </if>
      <if test="uid != null">
        uid = #{uid,jdbcType=INTEGER},
      </if>
      <if test="ctype != null">
        ctype = #{ctype,jdbcType=VARCHAR},
      </if>
      <if test="status != null">
        status = #{status,jdbcType=TINYINT},
      </if>
      <if test="password != null">
        password = #{password,jdbcType=VARCHAR},
      </if>
      <if test="commentsNum != null">
        comments_num = #{commentsNum,jdbcType=INTEGER},
      </if>
      <if test="parent != null">
        parent = #{parent,jdbcType=INTEGER},
      </if>
      <if test="loveCount != null">
        love_count = #{loveCount,jdbcType=INTEGER},
      </if>
      <if test="views != null">
        views = #{views,jdbcType=INTEGER},
      </if>
      <if test="allowComments != null">
        allow_comments = #{allowComments,jdbcType=TINYINT},
      </if>
      <if test="isHot != null">
        is_hot = #{isHot,jdbcType=TINYINT},
      </if>
      <if test="corder != null">
        corder = #{corder,jdbcType=INTEGER},
      </if>
      <if test="ctext != null">
        ctext = #{ctext,jdbcType=LONGVARCHAR},
      </if>
    </set>
    where cid = #{cid,jdbcType=INTEGER}
  </update>
  <update id="updateByPrimaryKeyWithBLOBs" parameterType="com.geek.guiyu.domain.model.Contents">
    <!--
      WARNING - @mbggenerated
      This element is automatically generated by MyBatis Generator, do not modify.
      This element was generated on Sat Apr 04 18:07:52 CST 2020.
    -->
    update contents
    set title = #{title,jdbcType=VARCHAR},
      create_time = #{createTime,jdbcType=TIMESTAMP},
      update_time = #{updateTime,jdbcType=TIMESTAMP},
      uid = #{uid,jdbcType=INTEGER},
      ctype = #{ctype,jdbcType=VARCHAR},
      status = #{status,jdbcType=TINYINT},
      password = #{password,jdbcType=VARCHAR},
      comments_num = #{commentsNum,jdbcType=INTEGER},
      parent = #{parent,jdbcType=INTEGER},
      love_count = #{loveCount,jdbcType=INTEGER},
      views = #{views,jdbcType=INTEGER},
      allow_comments = #{allowComments,jdbcType=TINYINT},
      is_hot = #{isHot,jdbcType=TINYINT},
      corder = #{corder,jdbcType=INTEGER},
      ctext = #{ctext,jdbcType=LONGVARCHAR}
    where cid = #{cid,jdbcType=INTEGER}
  </update>
  <update id="updateByPrimaryKey" parameterType="com.geek.guiyu.domain.model.Contents">
    <!--
      WARNING - @mbggenerated
      This element is automatically generated by MyBatis Generator, do not modify.
      This element was generated on Sat Apr 04 18:07:52 CST 2020.
    -->
    update contents
    set title = #{title,jdbcType=VARCHAR},
      create_time = #{createTime,jdbcType=TIMESTAMP},
      update_time = #{updateTime,jdbcType=TIMESTAMP},
      uid = #{uid,jdbcType=INTEGER},
      ctype = #{ctype,jdbcType=VARCHAR},
      status = #{status,jdbcType=TINYINT},
      password = #{password,jdbcType=VARCHAR},
      comments_num = #{commentsNum,jdbcType=INTEGER},
      parent = #{parent,jdbcType=INTEGER},
      love_count = #{loveCount,jdbcType=INTEGER},
      views = #{views,jdbcType=INTEGER},
      allow_comments = #{allowComments,jdbcType=TINYINT},
      is_hot = #{isHot,jdbcType=TINYINT},
      corder = #{corder,jdbcType=INTEGER}
    where cid = #{cid,jdbcType=INTEGER}
  </update>
</mapper>