<?xml version="1.0" encoding="UTF-8"?>
<!DOCTYPE mapper PUBLIC "-//mybatis.org//DTD Mapper 3.0//EN" "http://mybatis.org/dtd/mybatis-3-mapper.dtd">
<mapper namespace="com.geek.guiyu.infrastructure.dao.ContentsDao">

    <resultMap type="com.geek.guiyu.domain.model.Contents" id="ContentsMap">
        <result property="cid" column="cid" jdbcType="INTEGER"/>
        <result property="title" column="title" jdbcType="VARCHAR"/>
        <result property="createTime" column="create_time" jdbcType="TIMESTAMP"/>
        <result property="updateTime" column="update_time" jdbcType="TIMESTAMP"/>
        <result property="ctext" column="ctext" jdbcType="VARCHAR"/>
        <result property="uid" column="uid" jdbcType="INTEGER"/>
        <result property="type" column="type" jdbcType="VARCHAR"/>
        <result property="status" column="status" jdbcType="TINYINT"/>
        <result property="password" column="password" jdbcType="VARCHAR"/>
        <result property="commentsNum" column="comments_num" jdbcType="INTEGER"/>
        <result property="parent" column="parent" jdbcType="INTEGER"/>
        <result property="loveCount" column="love_count" jdbcType="INTEGER"/>
        <result property="views" column="views" jdbcType="INTEGER"/>
        <result property="allowComments" column="allow_comments" jdbcType="TINYINT"/>
        <result property="isHot" column="is_hot" jdbcType="TINYINT"/>
        <result property="corder" column="corder" jdbcType="INTEGER"/>
    </resultMap>

    <!--查询单个-->
    <select id="queryById" resultMap="ContentsMap">
        select
          cid, title, create_time, update_time, ctext, uid, ctype, status, password, comments_num, parent, love_count, views, allow_comments, is_hot, corder
        from guiyu.contents
        where cid = #{cid}
    </select>

    <!--查询指定行数据-->
    <select id="queryAllByLimit" resultMap="ContentsMap">
        select
          cid, title, create_time, update_time, ctext, uid, ctype, status, password, comments_num, parent, love_count, views, allow_comments, is_hot, corder
        from guiyu.contents
        limit #{offset}, #{limit}
    </select>

    <!--通过实体作为筛选条件查询-->
    <select id="queryAll" resultMap="ContentsMap">
        select
          cid, title, create_time, update_time, ctext, uid, ctype, status, password, comments_num, parent, love_count, views, allow_comments, is_hot
        from guiyu.contents
        <where>
            <if test="cid != null">
                and cid = #{cid}
            </if>
            <if test="title != null and title != ''">
                and title = #{title}
            </if>
            <if test="createTime != null">
                and create_time = #{createTime}
            </if>
            <if test="updateTime != null">
                and update_time = #{updateTime}
            </if>
            <if test="ctext != null and ctext != ''">
                and ctext = #{ctext}
            </if>
            <if test="uid != null">
                and uid = #{uid}
            </if>
            <if test="ctype != null and ctype != ''">
                and ctype = #{ctype}
            </if>
            <if test="status != null">
                and status = #{status}
            </if>
            <if test="password != null and password != ''">
                and password = #{password}
            </if>
            <if test="commentsNum != null">
                and comments_num = #{commentsNum}
            </if>
            <if test="parent != null">
                and parent = #{parent}
            </if>
            <if test="loveCount != null">
                and love_count = #{loveCount}
            </if>
            <if test="views != null">
                and views = #{views}
            </if>
            <if test="allowComments != null">
                and allow_comments = #{allowComments}
            </if>
            <if test="isHot != null">
                and is_hot = #{isHot}
            </if>
            <if test="corder != null">
                and is_hot = #{corder}
            </if>
        </where>
    </select>

    <!--新增所有列-->
    <insert id="insert" keyProperty="cid" useGeneratedKeys="true">
        insert into guiyu.contents(title, create_time, update_time, ctext, uid, ctype, status, password, comments_num, parent, love_count, views, allow_comments, is_hot,corder)
        values (#{title}, #{createTime}, #{updateTime}, #{ctext}, #{uid}, #{ctype}, #{status}, #{password}, #{commentsNum}, #{parent}, #{loveCount}, #{views}, #{allowComments}, #{isHot}, #{corder})
    </insert>

    <!--通过主键修改数据-->
    <update id="update">
        update guiyu.contents
        <set>
            <if test="title != null and title != ''">
                title = #{title},
            </if>
            <if test="createTime != null">
                create_time = #{createTime},
            </if>
            <if test="updateTime != null">
                update_time = #{updateTime},
            </if>
            <if test="ctext != null and ctext != ''">
                ctext = #{ctext},
            </if>
            <if test="uid != null">
                uid = #{uid},
            </if>
            <if test="ctype != null and ctype != ''">
                type = #{ctype},
            </if>
            <if test="status != null">
                status = #{status},
            </if>
            <if test="password != null and password != ''">
                password = #{password},
            </if>
            <if test="commentsNum != null">
                comments_num = #{commentsNum},
            </if>
            <if test="parent != null">
                parent = #{parent},
            </if>
            <if test="loveCount != null">
                love_count = #{loveCount},
            </if>
            <if test="views != null">
                views = #{views},
            </if>
            <if test="allowComments != null">
                allow_comments = #{allowComments},
            </if>
            <if test="isHot != null">
                is_hot = #{isHot},
            </if>
            <if test="corder != null">
                is_hot = #{corder},
            </if>
        </set>
        where cid = #{cid}
    </update>

    <!--通过主键删除-->
    <delete id="deleteById">
        delete from guiyu.contents where cid = #{cid}
    </delete>

</mapper>