<?xml version="1.0" encoding="UTF-8"?>
<!DOCTYPE mapper PUBLIC "-//mybatis.org//DTD Mapper 3.0//EN" "http://mybatis.org/dtd/mybatis-3-mapper.dtd">
<mapper namespace="com.geek.guiyu.infrastructure.dao.UserFollowDao">

    <resultMap type="com.geek.guiyu.domain.model.UserFollow" id="UserFollowMap">
        <result property="id" column="id" jdbcType="OTHER"/>
        <result property="createTime" column="create_time" jdbcType="TIMESTAMP"/>
        <result property="updateTime" column="update_time" jdbcType="TIMESTAMP"/>
        <result property="deleted" column="deleted" jdbcType="OTHER"/>
        <result property="fansId" column="fans_id" jdbcType="OTHER"/>
        <result property="followId" column="follow_id" jdbcType="OTHER"/>
    </resultMap>

    <!--查询单个-->
    <select id="queryById" resultMap="UserFollowMap">
        select
          id, create_time, update_time, deleted, fans_id, follow_id
        from guiyu.user_follow
        where id = #{id}
    </select>

    <!--查询指定行数据-->
    <select id="queryAllByLimit" resultMap="UserFollowMap">
        select
          id, create_time, update_time, deleted, fans_id, follow_id
        from guiyu.user_follow
        limit #{offset}, #{limit}
    </select>

    <!--通过实体作为筛选条件查询-->
    <select id="queryAll" resultMap="UserFollowMap">
        select
          id, create_time, update_time, deleted, fans_id, follow_id
        from guiyu.user_follow
        <where>
            <if test="id != null">
                and id = #{id}
            </if>
            <if test="createTime != null">
                and create_time = #{createTime}
            </if>
            <if test="updateTime != null">
                and update_time = #{updateTime}
            </if>
            <if test="deleted != null">
                and deleted = #{deleted}
            </if>
            <if test="fansId != null">
                and fans_id = #{fansId}
            </if>
            <if test="followId != null">
                and follow_id = #{followId}
            </if>
        </where>
    </select>

    <!--新增所有列-->
    <insert id="insert" keyProperty="id" useGeneratedKeys="true">
        insert into guiyu.user_follow(create_time, update_time, deleted, fans_id, follow_id)
        values (#{createTime}, #{updateTime}, #{deleted}, #{fansId}, #{followId})
    </insert>

    <!--通过主键修改数据-->
    <update id="update">
        update guiyu.user_follow
        <set>
            <if test="createTime != null">
                create_time = #{createTime},
            </if>
            <if test="updateTime != null">
                update_time = #{updateTime},
            </if>
            <if test="deleted != null">
                deleted = #{deleted},
            </if>
            <if test="fansId != null">
                fans_id = #{fansId},
            </if>
            <if test="followId != null">
                follow_id = #{followId},
            </if>
        </set>
        where id = #{id}
    </update>

    <!--通过主键删除-->
    <delete id="deleteById">
        delete from guiyu.user_follow where id = #{id}
    </delete>

</mapper>