<?xml version="1.0" encoding="UTF-8"?>
<!DOCTYPE mapper PUBLIC "-//mybatis.org//DTD Mapper 3.0//EN" "http://mybatis.org/dtd/mybatis-3-mapper.dtd">
<mapper namespace="com.geek.guiyu.infrastructure.dao.UserInfoMapper">
  <resultMap id="BaseResultMap" type="com.geek.guiyu.domain.model.UserInfo">
    <!--
      WARNING - @mbggenerated
      This element is automatically generated by MyBatis Generator, do not modify.
      This element was generated on Fri Feb 14 19:41:30 CST 2020.
    -->
    <id column="id" jdbcType="INTEGER" property="id" />
    <result column="create_time" jdbcType="TIMESTAMP" property="createTime" />
    <result column="update_time" jdbcType="TIMESTAMP" property="updateTime" />
    <result column="deleted" jdbcType="TINYINT" property="deleted" />
    <result column="account" jdbcType="VARCHAR" property="account" />
    <result column="phone" jdbcType="VARCHAR" property="phone" />
    <result column="password" jdbcType="VARCHAR" property="password" />
    <result column="avatar_url" jdbcType="VARCHAR" property="avatarUrl" />
    <result column="fans" jdbcType="INTEGER" property="fans" />
    <result column="nick_name" jdbcType="VARCHAR" property="nickName" />
    <result column="sex" jdbcType="TINYINT" property="sex" />
    <result column="birthday" jdbcType="DATE" property="birthday" />
    <result column="location" jdbcType="VARCHAR" property="location" />
    <result column="school" jdbcType="VARCHAR" property="school" />
    <result column="occupation" jdbcType="VARCHAR" property="occupation" />
    <result column="introduce" jdbcType="VARCHAR" property="introduce" />
    <result column="background_image" jdbcType="VARCHAR" property="backgroundImage" />
  </resultMap>
  <sql id="Example_Where_Clause">
    <!--
      WARNING - @mbggenerated
      This element is automatically generated by MyBatis Generator, do not modify.
      This element was generated on Fri Feb 14 19:41:30 CST 2020.
    -->
    <where>
      <foreach collection="oredCriteria" item="criteria" separator="or">
        <if test="criteria.valid">
          <trim prefix="(" prefixOverrides="and" suffix=")">
            <foreach collection="criteria.criteria" item="criterion">
              <choose>
                <when test="criterion.noValue">
                  and ${criterion.condition}
                </when>
                <when test="criterion.singleValue">
                  and ${criterion.condition} #{criterion.value}
                </when>
                <when test="criterion.betweenValue">
                  and ${criterion.condition} #{criterion.value} and #{criterion.secondValue}
                </when>
                <when test="criterion.listValue">
                  and ${criterion.condition}
                  <foreach close=")" collection="criterion.value" item="listItem" open="(" separator=",">
                    #{listItem}
                  </foreach>
                </when>
              </choose>
            </foreach>
          </trim>
        </if>
      </foreach>
    </where>
  </sql>
  <sql id="Update_By_Example_Where_Clause">
    <!--
      WARNING - @mbggenerated
      This element is automatically generated by MyBatis Generator, do not modify.
      This element was generated on Fri Feb 14 19:41:30 CST 2020.
    -->
    <where>
      <foreach collection="example.oredCriteria" item="criteria" separator="or">
        <if test="criteria.valid">
          <trim prefix="(" prefixOverrides="and" suffix=")">
            <foreach collection="criteria.criteria" item="criterion">
              <choose>
                <when test="criterion.noValue">
                  and ${criterion.condition}
                </when>
                <when test="criterion.singleValue">
                  and ${criterion.condition} #{criterion.value}
                </when>
                <when test="criterion.betweenValue">
                  and ${criterion.condition} #{criterion.value} and #{criterion.secondValue}
                </when>
                <when test="criterion.listValue">
                  and ${criterion.condition}
                  <foreach close=")" collection="criterion.value" item="listItem" open="(" separator=",">
                    #{listItem}
                  </foreach>
                </when>
              </choose>
            </foreach>
          </trim>
        </if>
      </foreach>
    </where>
  </sql>
  <sql id="Base_Column_List">
    <!--
      WARNING - @mbggenerated
      This element is automatically generated by MyBatis Generator, do not modify.
      This element was generated on Fri Feb 14 19:41:30 CST 2020.
    -->
    id, create_time, update_time, deleted, account, phone, password, avatar_url, fans, 
    nick_name, sex, birthday, location, school, occupation, introduce, background_image
  </sql>
  <select id="selectByExample" parameterType="com.geek.guiyu.domain.model.UserInfoExample" resultMap="BaseResultMap">
    <!--
      WARNING - @mbggenerated
      This element is automatically generated by MyBatis Generator, do not modify.
      This element was generated on Fri Feb 14 19:41:30 CST 2020.
    -->
    select
    <if test="distinct">
      distinct
    </if>
    <include refid="Base_Column_List" />
    from user_info
    <if test="_parameter != null">
      <include refid="Example_Where_Clause" />
    </if>
    <if test="orderByClause != null">
      order by ${orderByClause}
    </if>
  </select>
  <select id="selectByPrimaryKey" parameterType="java.lang.Integer" resultMap="BaseResultMap">
    <!--
      WARNING - @mbggenerated
      This element is automatically generated by MyBatis Generator, do not modify.
      This element was generated on Fri Feb 14 19:41:30 CST 2020.
    -->
    select 
    <include refid="Base_Column_List" />
    from user_info
    where id = #{id,jdbcType=INTEGER}
  </select>
  <delete id="deleteByPrimaryKey" parameterType="java.lang.Integer">
    <!--
      WARNING - @mbggenerated
      This element is automatically generated by MyBatis Generator, do not modify.
      This element was generated on Fri Feb 14 19:41:30 CST 2020.
    -->
    delete from user_info
    where id = #{id,jdbcType=INTEGER}
  </delete>
  <delete id="deleteByExample" parameterType="com.geek.guiyu.domain.model.UserInfoExample">
    <!--
      WARNING - @mbggenerated
      This element is automatically generated by MyBatis Generator, do not modify.
      This element was generated on Fri Feb 14 19:41:30 CST 2020.
    -->
    delete from user_info
    <if test="_parameter != null">
      <include refid="Example_Where_Clause" />
    </if>
  </delete>
  <insert id="insert" parameterType="com.geek.guiyu.domain.model.UserInfo">
    <!--
      WARNING - @mbggenerated
      This element is automatically generated by MyBatis Generator, do not modify.
      This element was generated on Fri Feb 14 19:41:30 CST 2020.
    -->
    <selectKey keyProperty="id" order="AFTER" resultType="java.lang.Integer">
      SELECT LAST_INSERT_ID()
    </selectKey>
    insert into user_info (create_time, update_time, deleted, 
      account, phone, password, 
      avatar_url, fans, nick_name, 
      sex, birthday, location, 
      school, occupation, introduce, 
      background_image)
    values (#{createTime,jdbcType=TIMESTAMP}, #{updateTime,jdbcType=TIMESTAMP}, #{deleted,jdbcType=TINYINT}, 
      #{account,jdbcType=VARCHAR}, #{phone,jdbcType=VARCHAR}, #{password,jdbcType=VARCHAR}, 
      #{avatarUrl,jdbcType=VARCHAR}, #{fans,jdbcType=INTEGER}, #{nickName,jdbcType=VARCHAR}, 
      #{sex,jdbcType=TINYINT}, #{birthday,jdbcType=DATE}, #{location,jdbcType=VARCHAR}, 
      #{school,jdbcType=VARCHAR}, #{occupation,jdbcType=VARCHAR}, #{introduce,jdbcType=VARCHAR}, 
      #{backgroundImage,jdbcType=VARCHAR})
  </insert>
  <insert id="insertSelective" parameterType="com.geek.guiyu.domain.model.UserInfo">
    <!--
      WARNING - @mbggenerated
      This element is automatically generated by MyBatis Generator, do not modify.
      This element was generated on Fri Feb 14 19:41:30 CST 2020.
    -->
    <selectKey keyProperty="id" order="AFTER" resultType="java.lang.Integer">
      SELECT LAST_INSERT_ID()
    </selectKey>
    insert into user_info
    <trim prefix="(" suffix=")" suffixOverrides=",">
      <if test="createTime != null">
        create_time,
      </if>
      <if test="updateTime != null">
        update_time,
      </if>
      <if test="deleted != null">
        deleted,
      </if>
      <if test="account != null">
        account,
      </if>
      <if test="phone != null">
        phone,
      </if>
      <if test="password != null">
        password,
      </if>
      <if test="avatarUrl != null">
        avatar_url,
      </if>
      <if test="fans != null">
        fans,
      </if>
      <if test="nickName != null">
        nick_name,
      </if>
      <if test="sex != null">
        sex,
      </if>
      <if test="birthday != null">
        birthday,
      </if>
      <if test="location != null">
        location,
      </if>
      <if test="school != null">
        school,
      </if>
      <if test="occupation != null">
        occupation,
      </if>
      <if test="introduce != null">
        introduce,
      </if>
      <if test="backgroundImage != null">
        background_image,
      </if>
    </trim>
    <trim prefix="values (" suffix=")" suffixOverrides=",">
      <if test="createTime != null">
        #{createTime,jdbcType=TIMESTAMP},
      </if>
      <if test="updateTime != null">
        #{updateTime,jdbcType=TIMESTAMP},
      </if>
      <if test="deleted != null">
        #{deleted,jdbcType=TINYINT},
      </if>
      <if test="account != null">
        #{account,jdbcType=VARCHAR},
      </if>
      <if test="phone != null">
        #{phone,jdbcType=VARCHAR},
      </if>
      <if test="password != null">
        #{password,jdbcType=VARCHAR},
      </if>
      <if test="avatarUrl != null">
        #{avatarUrl,jdbcType=VARCHAR},
      </if>
      <if test="fans != null">
        #{fans,jdbcType=INTEGER},
      </if>
      <if test="nickName != null">
        #{nickName,jdbcType=VARCHAR},
      </if>
      <if test="sex != null">
        #{sex,jdbcType=TINYINT},
      </if>
      <if test="birthday != null">
        #{birthday,jdbcType=DATE},
      </if>
      <if test="location != null">
        #{location,jdbcType=VARCHAR},
      </if>
      <if test="school != null">
        #{school,jdbcType=VARCHAR},
      </if>
      <if test="occupation != null">
        #{occupation,jdbcType=VARCHAR},
      </if>
      <if test="introduce != null">
        #{introduce,jdbcType=VARCHAR},
      </if>
      <if test="backgroundImage != null">
        #{backgroundImage,jdbcType=VARCHAR},
      </if>
    </trim>
  </insert>
  <select id="countByExample" parameterType="com.geek.guiyu.domain.model.UserInfoExample" resultType="java.lang.Integer">
    <!--
      WARNING - @mbggenerated
      This element is automatically generated by MyBatis Generator, do not modify.
      This element was generated on Fri Feb 14 19:41:30 CST 2020.
    -->
    select count(*) from user_info
    <if test="_parameter != null">
      <include refid="Example_Where_Clause" />
    </if>
  </select>
  <update id="updateByExampleSelective" parameterType="map">
    <!--
      WARNING - @mbggenerated
      This element is automatically generated by MyBatis Generator, do not modify.
      This element was generated on Fri Feb 14 19:41:30 CST 2020.
    -->
    update user_info
    <set>
      <if test="record.id != null">
        id = #{record.id,jdbcType=INTEGER},
      </if>
      <if test="record.createTime != null">
        create_time = #{record.createTime,jdbcType=TIMESTAMP},
      </if>
      <if test="record.updateTime != null">
        update_time = #{record.updateTime,jdbcType=TIMESTAMP},
      </if>
      <if test="record.deleted != null">
        deleted = #{record.deleted,jdbcType=TINYINT},
      </if>
      <if test="record.account != null">
        account = #{record.account,jdbcType=VARCHAR},
      </if>
      <if test="record.phone != null">
        phone = #{record.phone,jdbcType=VARCHAR},
      </if>
      <if test="record.password != null">
        password = #{record.password,jdbcType=VARCHAR},
      </if>
      <if test="record.avatarUrl != null">
        avatar_url = #{record.avatarUrl,jdbcType=VARCHAR},
      </if>
      <if test="record.fans != null">
        fans = #{record.fans,jdbcType=INTEGER},
      </if>
      <if test="record.nickName != null">
        nick_name = #{record.nickName,jdbcType=VARCHAR},
      </if>
      <if test="record.sex != null">
        sex = #{record.sex,jdbcType=TINYINT},
      </if>
      <if test="record.birthday != null">
        birthday = #{record.birthday,jdbcType=DATE},
      </if>
      <if test="record.location != null">
        location = #{record.location,jdbcType=VARCHAR},
      </if>
      <if test="record.school != null">
        school = #{record.school,jdbcType=VARCHAR},
      </if>
      <if test="record.occupation != null">
        occupation = #{record.occupation,jdbcType=VARCHAR},
      </if>
      <if test="record.introduce != null">
        introduce = #{record.introduce,jdbcType=VARCHAR},
      </if>
      <if test="record.backgroundImage != null">
        background_image = #{record.backgroundImage,jdbcType=VARCHAR},
      </if>
    </set>
    <if test="_parameter != null">
      <include refid="Update_By_Example_Where_Clause" />
    </if>
  </update>
  <update id="updateByExample" parameterType="map">
    <!--
      WARNING - @mbggenerated
      This element is automatically generated by MyBatis Generator, do not modify.
      This element was generated on Fri Feb 14 19:41:30 CST 2020.
    -->
    update user_info
    set id = #{record.id,jdbcType=INTEGER},
      create_time = #{record.createTime,jdbcType=TIMESTAMP},
      update_time = #{record.updateTime,jdbcType=TIMESTAMP},
      deleted = #{record.deleted,jdbcType=TINYINT},
      account = #{record.account,jdbcType=VARCHAR},
      phone = #{record.phone,jdbcType=VARCHAR},
      password = #{record.password,jdbcType=VARCHAR},
      avatar_url = #{record.avatarUrl,jdbcType=VARCHAR},
      fans = #{record.fans,jdbcType=INTEGER},
      nick_name = #{record.nickName,jdbcType=VARCHAR},
      sex = #{record.sex,jdbcType=TINYINT},
      birthday = #{record.birthday,jdbcType=DATE},
      location = #{record.location,jdbcType=VARCHAR},
      school = #{record.school,jdbcType=VARCHAR},
      occupation = #{record.occupation,jdbcType=VARCHAR},
      introduce = #{record.introduce,jdbcType=VARCHAR},
      background_image = #{record.backgroundImage,jdbcType=VARCHAR}
    <if test="_parameter != null">
      <include refid="Update_By_Example_Where_Clause" />
    </if>
  </update>
  <update id="updateByPrimaryKeySelective" parameterType="com.geek.guiyu.domain.model.UserInfo">
    <!--
      WARNING - @mbggenerated
      This element is automatically generated by MyBatis Generator, do not modify.
      This element was generated on Fri Feb 14 19:41:30 CST 2020.
    -->
    update user_info
    <set>
      <if test="createTime != null">
        create_time = #{createTime,jdbcType=TIMESTAMP},
      </if>
      <if test="updateTime != null">
        update_time = #{updateTime,jdbcType=TIMESTAMP},
      </if>
      <if test="deleted != null">
        deleted = #{deleted,jdbcType=TINYINT},
      </if>
      <if test="account != null">
        account = #{account,jdbcType=VARCHAR},
      </if>
      <if test="phone != null">
        phone = #{phone,jdbcType=VARCHAR},
      </if>
      <if test="password != null">
        password = #{password,jdbcType=VARCHAR},
      </if>
      <if test="avatarUrl != null">
        avatar_url = #{avatarUrl,jdbcType=VARCHAR},
      </if>
      <if test="fans != null">
        fans = #{fans,jdbcType=INTEGER},
      </if>
      <if test="nickName != null">
        nick_name = #{nickName,jdbcType=VARCHAR},
      </if>
      <if test="sex != null">
        sex = #{sex,jdbcType=TINYINT},
      </if>
      <if test="birthday != null">
        birthday = #{birthday,jdbcType=DATE},
      </if>
      <if test="location != null">
        location = #{location,jdbcType=VARCHAR},
      </if>
      <if test="school != null">
        school = #{school,jdbcType=VARCHAR},
      </if>
      <if test="occupation != null">
        occupation = #{occupation,jdbcType=VARCHAR},
      </if>
      <if test="introduce != null">
        introduce = #{introduce,jdbcType=VARCHAR},
      </if>
      <if test="backgroundImage != null">
        background_image = #{backgroundImage,jdbcType=VARCHAR},
      </if>
    </set>
    where id = #{id,jdbcType=INTEGER}
  </update>
  <update id="updateByPrimaryKey" parameterType="com.geek.guiyu.domain.model.UserInfo">
    <!--
      WARNING - @mbggenerated
      This element is automatically generated by MyBatis Generator, do not modify.
      This element was generated on Fri Feb 14 19:41:30 CST 2020.
    -->
    update user_info
    set create_time = #{createTime,jdbcType=TIMESTAMP},
      update_time = #{updateTime,jdbcType=TIMESTAMP},
      deleted = #{deleted,jdbcType=TINYINT},
      account = #{account,jdbcType=VARCHAR},
      phone = #{phone,jdbcType=VARCHAR},
      password = #{password,jdbcType=VARCHAR},
      avatar_url = #{avatarUrl,jdbcType=VARCHAR},
      fans = #{fans,jdbcType=INTEGER},
      nick_name = #{nickName,jdbcType=VARCHAR},
      sex = #{sex,jdbcType=TINYINT},
      birthday = #{birthday,jdbcType=DATE},
      location = #{location,jdbcType=VARCHAR},
      school = #{school,jdbcType=VARCHAR},
      occupation = #{occupation,jdbcType=VARCHAR},
      introduce = #{introduce,jdbcType=VARCHAR},
      background_image = #{backgroundImage,jdbcType=VARCHAR}
    where id = #{id,jdbcType=INTEGER}
  </update>
  <select id="selectByPhone" parameterType="java.lang.String" resultMap="BaseResultMap">
    select * from user_info
    where phone = #{phone}
  </select>

</mapper>